"","terms","freq"
"1","manager",397
"2","technician",347
"3","laboratory",299
"4","development",269
"5","quality",260
"6","chemist",254
"7","officer",252
"8","senior",236
"9","technical",213
"10","research",195
"11","food",189
"12","assistant",185
"13","data",183
"14","scientist",178
"15","product",166
"16","technologist",157
"17","sales",150
"18","specialist",146
"19","science",126
"20","analyst",113
"21","assurance",110
"22","medical",105
"23","regulatory",105
"24","engineer",98
"25","fellow",88
"26","associate",87
"27","account",85
"28","contract",82
"29","scientific",76
"30","industry",74
"31","affairs",71
"32","lab",65
"33","postdoctoral",64
"34","qc",61
"35","business",60
"36","graduate",60
"37","leader",58
"38","pharmaceutical",58
"39","month",53
"40","support",53
"41","analytical",52
"42","life",52
"43","coordinator",50
"44","microbiologist",50
"45","microbiology",50
"46","consultant",49
"47","multiple",49
"48","roles",49
"49","sciences",48
"50","software",47
"51","health",43
"52","service",43
"53","chemistry",40
"54","control",40
"55","project",40
"56","chemical",39
"57","professional",37
"58","services",37
"59","sydney",37
"60","team",37
"61","care",36
"62","interest",36
"63","supervisor",36
"64","12",35
"65","permanent",35
"66","new",33
"67","positions",33
"68","production",33
"69","regional",31
"70","representative",31
"71","liaison",30
"72","role",29
"73","testing",29
"74","2",28
"75","nsw",28
"76","shift",28
"77","personal",27
"78","territory",27
"79","time",27
"80","biology",26
"81","npd",26
"82","clinical",25
"83","raw",25
"84","big",24
"85","operations",24
"86","phd",24
"87","rd",24
"88","radiographer",23
"89","casual",22
"90","dairy",22
"91","expressions",22
"92","qa",22
"93","validation",22
"94","wa",22
"95","field",21
"96","melbourne",21
"97","oncology",21
"98","chemicals",20
"99","systems",20
"100","applications",19
"101","australia",19
"102","biomedical",19
"103","grade",19
"104","industrial",19
"105","ingredients",19
"106","molecular",19
"107","representatives",19
"108","start",19
"109","developer",18
"110","level",18
"111","ct",17
"112","devices",17
"113","hospital",17
"114","method",17
"115","mri",17
"116","process",17
"117","stability",17
"118","3",16
"119","diseases",16
"120","executive",16
"121","general",16
"122","junior",16
"123","land",16
"124","pathology",16
"125","temporary",16
"126","wanted",16
"127","application",15
"128","director",15
"129","exp",15
"130","experienced",15
"131","government",15
"132","liaisons",15
"133","national",15
"134","roster",15
"135","rotational",15
"136","x3",15
"137","administration",14
"138","analytics",14
"139","biotech",14
"140","biotechnology",14
"141","cell",14
"142","compliance",14
"143","department",14
"144","environmental",14
"145","eoi",14
"146","expression",14
"147","global",14
"148","management",14
"149","marketing",14
"150","metro",14
"151","modeller",14
"152","r",14
"153","rare",14
"154","safety",14
"155","suburbs",14
"156","technicians",14
"157","water",14
"158","1",13
"159","assay",13
"160","client",13
"161","ecologist",13
"162","federal",13
"163","financial",13
"164","fire",13
"165","lcms",13
"166","lead",13
"167","manufacturing",13
"168","part",13
"169","recruitment",13
"170","school",13
"171","x",13
"172","advisor",12
"173","afternoon",12
"174","anz",12
"175","background",12
"176","based",12
"177","formulation",12
"178","full",12
"179","immediate",12
"180","jobs",12
"181","key",12
"182","materials",12
"183","msl",12
"184","6",11
"185","access",11
"186","crimes",11
"187","d",11
"188","influenza",11
"189","operator",11
"190","perth",11
"191","required",11
"192","sample",11
"193","scholarship",11
"194","spss",11
"195","zealand",11
"196","adelaide",10
"197","administrator",10
"198","animal",10
"199","canberra",10
"200","chromatography",10
"201","culture",10
"202","division",10
"203","engineering",10
"204","entry",10
"205","experience",10
"206","graduates",10
"207","information",10
"208","insurance",10
"209","internal",10
"210","packaging",10
"211","panellist",10
"212","presales",10
"213","program",10
"214","respiratory",10
"215","sensory",10
"216","vic",10
"217","5",9
"218","actsataswa",9
"219","administrationqa",9
"220","aged",9
"221","approvals",9
"222","auditor",9
"223","beverage",9
"224","brisbane",9
"225","calibration",9
"226","devops",9
"227","drug",9
"228","imaging",9
"229","labmedical",9
"230","mf",9
"231","modelling",9
"232","niche",9
"233","nurse",9
"234","organisation",9
"235","participants",9
"236","principal",9
"237","products",9
"238","ref",9
"239","registered",9
"240","sleep",9
"241","soil",9
"242","statutory",9
"243","unit",9
"244","western",9
"245","13",8
"246","act",8
"247","bioinformatics",8
"248","cjavaoo",8
"249","coatings",8
"250","fellowresearch",8
"251","gcms",8
"252","genomeediting",8
"253","hygiene",8
"254","ipsc",8
"255","learning",8
"256","maternity",8
"257","networking",8
"258","nursing",8
"259","officers",8
"260","operators",8
"261","processing",8
"262","recruiting",8
"263","researcher",8
"264","risk",8
"265","sessional",8
"266","site",8
"267","teaching",8
"268","75ks",7
"269","analysis",7
"270","aps4",7
"271","aps5",7
"272","asbestos",7
"273","bioinformatician",7
"274","cardiac",7
"275","cloud",7
"276","commercial",7
"277","csiro",7
"278","deliver",7
"279","diagnostics",7
"280","geotechnician",7
"281","gp",7
"282","ibm",7
"283","immunology",7
"284","innovation",7
"285","integrative",7
"286","intelligence",7
"287","material",7
"288","nutrition",7
"289","parttime",7
"290","position",7
"291","pricing",7
"292","programmer",7
"293","python",7
"294","scholarships",7
"295","scoresby",7
"296","technology",7
"297","trainee",7
"298","training",7
"299","work",7
"300","2016",6
"301","2017",6
"302","24",6
"303","accountant",6
"304","alcohol",6
"305","biochemistry",6
"306","biological",6
"307","biomed",6
"308","cbd",6
"309","chief",6
"310","consumer",6
"311","cosmetics",6
"312","day",6
"313","discovery",6
"314","engineerworld",6
"315","environment",6
"316","epicentre",6
"317","fund",6
"318","gis",6
"319","group",6
"320","high",6
"321","immunologist",6
"322","market",6
"323","mathematics",6
"324","metabolic",6
"325","micro",6
"326","minerals",6
"327","months",6
"328","mth",6
"329","parmalat",6
"330","ph",6
"331","pharmaceuticals",6
"332","pharmacy",6
"333","phenotyping",6
"334","physicist",6
"335","preparation",6
"336","qld",6
"337","quantum",6
"338","reporting",6
"339","secondment",6
"340","section",6
"341","seeking",6
"342","specialists",6
"343","specifications",6
"344","specimen",6
"345","st",6
"346","staff",6
"347","statistical",6
"348","tech",6
"349","technologistbeverage",6
"350","university",6
"351","various",6
"352","wasant",6
"353","4",5
"354","9",5
"355","anatomical",5
"356","asap",5
"357","biologist",5
"358","carecosmetics",5
"359","clients",5
"360","coast",5
"361","complaints",5
"362","culinary",5
"363","designer",5
"364","el",5
"365","electrophysiology",5
"366","evaluation",5
"367","fellowship",5
"368","fixed",5
"369","game",5
"370","ict",5
"371","institute",5
"372","international",5
"373","internship",5
"374","laboratories",5
"375","lecturer",5
"376","lung",5
"377","machine",5
"378","meals",5
"379","neurobiologist",5
"380","neuroscience",5
"381","northern",5
"382","office",5
"383","oil",5
"384","pathologyclinical",5
"385","perm",5
"386","pharma",5
"387","player",5
"388","qaqc",5
"389","quantitative",5
"390","recent",5
"391","reception",5
"392","sampling",5
"393","solutions",5
"394","statistician",5
"395","strategic",5
"396","technologistbeverages",5
"397","term",5
"398","trading",5
"399","traineeship",5
"400","vendor",5
"401","50120370",4
"402","abbotsford",4
"403","accounts",4
"404","address",4
"405","advent",4
"406","algal",4
"407","allied",4
"408","aps6",4
"409","assessing",4
"410","assignment",4
"411","automation",4
"412","baker",4
"413","bio",4
"414","body",4
"415","class",4
"416","clayton",4
"417","commercialisation",4
"418","commissioning",4
"419","communication",4
"420","company",4
"421","complex",4
"422","computational",4
"423","conservator",4
"424","cook",4
"425","corporate",4
"426","customer",4
"427","cyber",4
"428","cytometry",4
"429","design",4
"430","diagnosticslife",4
"431","dietitian",4
"432","disruptive",4
"433","dormancy",4
"434","dulux",4
"435","eastern",4
"436","electronic",4
"437","elemental",4
"438","engineers",4
"439","enterprise",4
"440","env",4
"441","equipment",4
"442","excipients",4
"443","expert",4
"444","ft",4
"445","genetics",4
"446","genomics",4
"447","hands",4
"448","hazmat",4
"449","head",4
"450","hours",4
"451","hplc",4
"452","iconic",4
"453","icp",4
"454","immunoassays",4
"455","kalgoorlie",4
"456","landscape",4
"457","managementgis",4
"458","managernutraceutical",4
"459","maritime",4
"460","mater",4
"461","microstructure",4
"462","milk",4
"463","models",4
"464","mycobacterial",4
"465","neurophysiology",4
"466","nutritionals",4
"467","oce",4
"468","ongoing",4
"469","opportunities",4
"470","panel",4
"471","petroleum",4
"472","propensity",4
"473","purification",4
"474","qpcr",4
"475","radiation",4
"476","reference",4
"477","ringwood",4
"478","sa",4
"479","sector",4
"480","security",4
"481","signal",4
"482","skills",4
"483","skincare",4
"484","south",4
"485","specification",4
"486","sql",4
"487","statistics",4
"488","sunshine",4
"489","surface",4
"490","synthetic",4
"491","technoligist",4
"492","technologistproject",4
"493","test",4
"494","tester",4
"495","tissue",4
"496","whs",4
"497","years",4
"498","18",3
"499","air",3
"500","aircraft",3
"501","allergens",3
"502","amp",3
"503","analystpharmaceutical",3
"504","analysts",3
"505","architect",3
"506","asia",3
"507","associatepharmaceutical",3
"508","audio",3
"509","available",3
"510","bi",3
"511","bioanalytical",3
"512","biomaterials",3
"513","bioscience",3
"514","bmet",3
"515","bsc",3
"516","cadbury",3
"517","calling",3
"518","canb",3
"519","cancer",3
"520","capacity",3
"521","carbohydrate",3
"522","centre",3
"523","cessation",3
"524","chem",3
"525","chemistpaint",3
"526","clerk",3
"527","coal",3
"528","comanufacturing",3
"529","concrete",3
"530","contaminated",3
"531","controller",3
"532","corpor",3
"533","curtinuwa",3
"534","darwin",3
"535","descriptive",3
"536","disease",3
"537","dsp",3
"538","ecology",3
"539","equivalent",3
"540","evaluator",3
"541","experimentalist",3
"542","finished",3
"543","fpga",3
"544","function",3
"545","gas",3
"546","genetic",3
"547","geoscience",3
"548","giant",3
"549","gmo",3
"550","gr",3
"551","graduatejunior",3
"552","groundcrewman",3
"553","haematology",3
"554","healthy",3
"555","home",3
"556","hourssome",3
"557","hydrographer",3
"558","hygienist",3
"559","immunochemistpharmaceutical",3
"560","import",3
"561","infrastructure",3
"562","ingredientsculinary",3
"563","inst",3
"564","instrument",3
"565","instrumentation",3
"566","instruments",3
"567","intern",3
"568","job",3
"569","layer",3
"570","leadership",3
"571","leave",3
"572","locations",3
"573","managerenvironmental",3
"574","managerfood",3
"575","manufacturer",3
"576","mass",3
"577","mathematical",3
"578","maths",3
"579","med",3
"580","microbiologistpharmaceutical",3
"581","military",3
"582","monash",3
"583","msc",3
"584","north",3
"585","ocs",3
"586","officerrecent",3
"587","offshore",3
"588","omnia",3
"589","opportunity",3
"590","origins",3
"591","owner",3
"592","pharmacovigilance",3
"593","polarimetry",3
"594","portfolio",3
"595","post",3
"596","professor",3
"597","pt",3
"598","reagents",3
"599","red",3
"600","region",3
"601","relief",3
"602","rn",3
"603","scientistengineer",3
"604","scientistprogramme",3
"605","scientists",3
"606","shiftwork",3
"607","simulated",3
"608","smoking",3
"609","solution",3
"610","southern",3
"611","specialistnorthern",3
"612","specialst",3
"613","spectrometry",3
"614","spssr",3
"615","sterilisation",3
"616","steward",3
"617","sw",3
"618","techniciancasual",3
"619","temp",3
"620","transfer",3
"621","travel",3
"622","vhdl",3
"623","victas",3
"624","virology",3
"625","visual",3
"626","wine",3
"627","writer",3
"628","10fte",2
"629","140",2
"630","160k",2
"631","20",2
"632","20hpw",2
"633","303",2
"634","3year",2
"635","6month",2
"636","acrf",2
"637","active",2
"638","adhesives",2
"639","advanced",2
"640","affiliate",2
"641","agronomy",2
"642","aquaculture",2
"643","aquatic",2
"644","asphalt",2
"645","assayer",2
"646","assessor",2
"647","assistants",2
"648","assitant",2
"649","associates",2
"650","atlas",2
"651","australian",2
"652","autotitrator",2
"653","awesome",2
"654","bad",2
"655","bank",2
"656","banking",2
"657","bdm",2
"658","better",2
"659","beverages",2
"660","biocore",2
"661","biologistvirologist",2
"662","bp",2
"663","breeding",2
"664","brewer",2
"665","broadband",2
"666","bushfire",2
"667","c",2
"668","cadet",2
"669","can",2
"670","canberrasydney",2
"671","carbon",2
"672","carecosmeticspharma",2
"673","case",2
"674","catheter",2
"675","cement",2
"676","central",2
"677","chefs",2
"678","chemistroutine",2
"679","chemistsimmunoassay",2
"680","chemwatch",2
"681","christchurch",2
"682","clinic",2
"683","coating",2
"684","coding",2
"685","commercialrecruitment",2
"686","communications",2
"687","compounding",2
"688","confluence",2
"689","construction",2
"690","consulting",2
"691","contracts",2
"692","core",2
"693","creatures",2
"694","csp",2
"695","database",2
"696","deep",2
"697","defence",2
"698","deputy",2
"699","device",2
"700","diabetes",2
"701","diagnostic",2
"702","distribution",2
"703","doctoral",2
"704","document",2
"705","documentation",2
"706","ecologybiological",2
"707","educational",2
"708","eeg",2
"709","ehs",2
"710","end",2
"711","entrepreneurial",2
"712","essential",2
"713","experiment",2
"714","facilities",2
"715","february",2
"716","feel",2
"717","fetal",2
"718","filtration",2
"719","fires",2
"720","fmcg",2
"721","focus",2
"722","foodbeverage",2
"723","foodtechnologist",2
"724","formulations",2
"725","forward",2
"726","fraud",2
"727","functional",2
"728","garden",2
"729","gcmslcms",2
"730","geofabric",2
"731","geotechnical",2
"732","geotechnicians",2
"733","german",2
"734","gmp",2
"735","govt",2
"736","grs",2
"737","hadoop",2
"738","haemoglobin",2
"739","healthcare",2
"740","help",2
"741","hong",2
"742","human",2
"743","hunter",2
"744","immunochemist",2
"745","incident",2
"746","inner",2
"747","inorganic",2
"748","inorganics",2
"749","inquiry",2
"750","inspection",2
"751","invertebrate",2
"752","ivf",2
"753","join",2
"754","joint",2
"755","kong",2
"756","lawn",2
"757","lc",2
"758","leading",2
"759","liaision",2
"760","library",2
"761","lidcombe",2
"762","limited",2
"763","line",2
"764","liquid",2
"765","lismore",2
"766","little",2
"767","maintenance",2
"768","managerpersonal",2
"769","managers",2
"770","marine",2
"771","maternal",2
"772","mathematician",2
"773","matlab",2
"774","mechanical",2
"775","media",2
"776","medicine",2
"777","metabolism",2
"778","microbiologistmultiple",2
"779","microelectronic",2
"780","mining",2
"781","mission",2
"782","movements",2
"783","mucosal",2
"784","napping",2
"785","nepean",2
"786","neurogenomics",2
"787","non",2
"788","nswact",2
"789","nutritionfood",2
"790","nutritionistfood",2
"791","nz",2
"792","occupational",2
"793","oceanography",2
"794","officer41ph",2
"795","oo201",2
"796","operating",2
"797","operational",2
"798","operatorrotating",2
"799","organic",2
"800","osteoporosis",2
"801","pain",2
"802","person",2
"803","pharmacist",2
"804","phycology",2
"805","physician",2
"806","pipette",2
"807","pipettes",2
"808","planner",2
"809","plant",2
"810","pn137",2
"811","police",2
"812","port",2
"813","postdoc",2
"814","postgraduate",2
"815","primary",2
"816","printing",2
"817","private",2
"818","probability",2
"819","procedures",2
"820","profile",2
"821","programmes",2
"822","protection",2
"823","protein",2
"824","provided",2
"825","ptr",2
"826","publications",2
"827","pv",2
"828","qfs",2
"829","raa",2
"830","radiochemist",2
"831","really",2
"832","receipt",2
"833","representativekam",2
"834","resources",2
"835","respiratorylab",2
"836","review",2
"837","rowville",2
"838","ryde",2
"839","sampler",2
"840","savoury",2
"841","scala",2
"842","scientistcell",2
"843","scientistslooking",2
"844","scinetific",2
"845","seniormedical",2
"846","sequencing",2
"847","shiftsfull",2
"848","short",2
"849","soc",2
"850","somewhere",2
"851","southwest",2
"852","spanish",2
"853","sport",2
"854","sports",2
"855","sr",2
"856","standard",2
"857","study",2
"858","suit",2
"859","surveillance",2
"860","sydneys",2
"861","taxonomy",2
"862","technologies",2
"863","tenders",2
"864","theoretical",2
"865","think",2
"866","thinking",2
"867","townsville",2
"868","toxicology",2
"869","traffic",2
"870","trial",2
"871","tumour",2
"872","turf",2
"873","tutor",2
"874","tutoring",2
"875","typist",2
"876","uplc",2
"877","upstream",2
"878","vacancies",2
"879","veterinary",2
"880","virtual",2
"881","visionary",2
"882","waste",2
"883","week",2
"884","wellbeing",2
"885","westmead",2
"886","wood",2
"887","woolworths",2
"888","workers",2
"889","writerreviewer",2
"890","126364",1
"891","17204",1
"892","1na345",1
"893","1pm9pm",1
"894","200k",1
"895","20hrs",1
"896","23",1
"897","254",1
"898","305",1
"899","322",1
"900","324",1
"901","342",1
"902","3930",1
"903","4085",1
"904","418",1
"905","4682br",1
"906","5020",1
"907","5021",1
"908","6630",1
"909","6631",1
"910","6660",1
"911","7",1
"912","734",1
"913","780257",1
"914","activity",1
"915","adaptation",1
"916","added",1
"917","adl",1
"918","adm",1
"919","admin",1
"920","administrative",1
"921","admitting",1
"922","adv",1
"923","adviser",1
"924","advisory",1
"925","african",1
"926","agchem",1
"927","agricultural",1
"928","agrochemicals",1
"929","aide",1
"930","algorithm",1
"931","ammunition",1
"932","analysttester",1
"933","anatomy",1
"934","andor",1
"935","animals",1
"936","applicationtechnologist",1
"937","applied",1
"938","architecture",1
"939","arena",1
"940","artillery",1
"941","aseptic",1
"942","assaysample",1
"943","asses",1
"944","assessment",1
"945","assessors",1
"946","assistantclerical",1
"947","assistantfire",1
"948","assistantlaboratory",1
"949","assistantofficer",1
"950","associateassistant",1
"951","associatemanager",1
"952","associateresearch",1
"953","atlanta",1
"954","audit",1
"955","autoclaving",1
"956","bache",1
"957","bakery",1
"958","base",1
"959","basin",1
"960","bee",1
"961","bilingual",1
"962","bioball",1
"963","biologicals",1
"964","biomechanics",1
"965","biopharm",1
"966","biopharma",1
"967","bioprocess",1
"968","bioprocessing",1
"969","biosciences",1
"970","blood",1
"971","bluemix",1
"972","bone",1
"973","bostonma",1
"974","bowen",1
"975","branch",1
"976","breweries",1
"977","building",1
"978","call",1
"979","candidate",1
"980","cardiovascular",1
"981","carlton",1
"982","catering",1
"983","cba",1
"984","cboost",1
"985","cbu",1
"986","cc",1
"987","ccsnet",1
"988","centenary",1
"989","ceramist",1
"990","certificate",1
"991","certified",1
"992","chain",1
"993","chalmers",1
"994","chancellors",1
"995","channel",1
"996","chef",1
"997","chemistindustrial",1
"998","chemistrybiotechnology",1
"999","chemists",1
"1000","chemisttechnologist",1
"1001","classes",1
"1002","clean",1
"1003","cleaning",1
"1004","climate",1
"1005","climatologist",1
"1006","cluster",1
"1007","cnet",1
"1008","coastal",1
"1009","committal",1
"1010","community",1
"1011","companion",1
"1012","complementary",1
"1013","condong",1
"1014","conduct",1
"1015","confectionary",1
"1016","conference",1
"1017","consultantaustralia",1
"1018","consultants",1
"1019","consumables",1
"1020","coorindatorhigh",1
"1021","cosmeticspharmaceuticals",1
"1022","costing",1
"1023","country",1
"1024","cover",1
"1025","cpm",1
"1026","cq",1
"1027","create",1
"1028","curator",1
"1029","customeranalytics",1
"1030","cytopathology",1
"1031","daps",1
"1032","datahadoop",1
"1033","dayafternoon",1
"1034","days",1
"1035","densitometry",1
"1036","dental",1
"1037","depot",1
"1038","dermal",1
"1039","derrimut",1
"1040","desk",1
"1041","details",1
"1042","determination",1
"1043","developers",1
"1044","dietetics",1
"1045","direct",1
"1046","dise",1
"1047","disorders",1
"1048","dispensary",1
"1049","distributor",1
"1050","divisional",1
"1051","dnanexus",1
"1052","doc",1
"1053","dose",1
"1054","dps",1
"1055","driver",1
"1056","dry",1
"1057","dstg",1
"1058","duluxgroup",1
"1059","dynamics",1
"1060","eating",1
"1061","education",1
"1062","el1",1
"1063","el2",1
"1064","elastography",1
"1065","electroplater",1
"1066","ella",1
"1067","embedded",1
"1068","embryologist",1
"1069","embryology",1
"1070","enablement",1
"1071","energy",1
"1072","english",1
"1073","epic",1
"1074","european",1
"1075","event",1
"1076","excellence",1
"1077","exper",1
"1078","export",1
"1079","external",1
"1080","facilitator",1
"1081","faculty",1
"1082","farm",1
"1083","fellowships",1
"1084","fermentation",1
"1085","fifo",1
"1086","filling",1
"1087","film",1
"1088","finance",1
"1089","first",1
"1090","fixedterm",1
"1091","flavour",1
"1092","flavouringbeverages",1
"1093","flow",1
"1094","forecasting",1
"1095","forklift",1
"1096","formula",1
"1097","four",1
"1098","fox",1
"1099","fraser",1
"1100","free",1
"1101","frequency",1
"1102","fulltime",1
"1103","funded",1
"1104","funding",1
"1105","fyshwick",1
"1106","gauging",1
"1107","ge",1
"1108","genotyping",1
"1109","get",1
"1110","gnss",1
"1111","gold",1
"1112","gradschemistry",1
"1113","gradsmajor",1
"1114","grease",1
"1115","groundwater",1
"1116","growth",1
"1117","grsnationaldatamanager",1
"1118","gunner",1
"1119","haematologyimmunology",1
"1120","haemostasis",1
"1121","hamilton",1
"1122","hazardous",1
"1123","heavy",1
"1124","hepatology",1
"1125","hid",1
"1126","histology",1
"1127","hollywood",1
"1128","hseq",1
"1129","icipeauibar",1
"1130","id",1
"1131","ii",1
"1132","immune",1
"1133","immunoassay",1
"1134","immunohistochemistry",1
"1135","immunooncology",1
"1136","indoor",1
"1137","industrialvacuum",1
"1138","industries",1
"1139","infectious",1
"1140","innovative",1
"1141","inorganicorganic",1
"1142","insight",1
"1143","investigator65279",1
"1144","irms",1
"1145","isotope",1
"1146","isotoperatio",1
"1147","ist",1
"1148","iv",1
"1149","java",1
"1150","jira",1
"1151","john",1
"1152","juniorsenior",1
"1153","kiewa",1
"1154","kwinana",1
"1155","l",1
"1156","labeling",1
"1157","labelling",1
"1158","labs",1
"1159","large",1
"1160","launceston",1
"1161","law",1
"1162","lcloud",1
"1163","leaver",1
"1164","lessons",1
"1165","licensing",1
"1166","light",1
"1167","looking",1
"1168","lubricants",1
"1169","lv",1
"1170","lyssaviruses",1
"1171","mackay",1
"1172","macquarie",1
"1173","mafinance",1
"1174","magnetic",1
"1175","making",1
"1176","mandarin",1
"1177","manufacturingperm",1
"1178","marjun",1
"1179","math",1
"1180","meats",1
"1181","medicinal",1
"1182","melbournes",1
"1183","melbournevictoria",1
"1184","member",1
"1185","metallurgist",1
"1186","metals",1
"1187","metrohm",1
"1188","microbial",1
"1189","micronutrientde",1
"1190","microscopy",1
"1191","middleware",1
"1192","midterm",1
"1193","minimum",1
"1194","mix",1
"1195","multibillion",1
"1196","n",1
"1197","nagambie",1
"1198","nairobi",1
"1199","naturally",1
"1200","nbl",1
"1201","nccarf",1
"1202","ndt",1
"1203","near",1
"1204","net",1
"1205","netherlands",1
"1206","network",1
"1207","neuroanatomy",1
"1208","neurodegenerative",1
"1209","neurosciences",1
"1210","newcastle",1
"1211","nights",1
"1212","nt",1
"1213","nu",1
"1214","nutritional",1
"1215","officerbrisbaneqld",1
"1216","officerpostdoc",1
"1217","oils",1
"1218","ood",1
"1219","open",1
"1220","orbit",1
"1221","order",1
"1222","overnight",1
"1223","pacific",1
"1224","paid",1
"1225","paint",1
"1226","paints",1
"1227","palaeontology",1
"1228","palliative",1
"1229","paraprofessional",1
"1230","paricular",1
"1231","pastry",1
"1232","people",1
"1233","petrochemicals",1
"1234","petrographer",1
"1235","pharmabiotechnology",1
"1236","pharmaceuticalmedical",1
"1237","pharmaceuticaltemp",1
"1238","pharmaceuticalwet",1
"1239","pharmacistscience",1
"1240","pharmacology",1
"1241","pharmacometrician",1
"1242","pharmacometriciansenior",1
"1243","phenomics",1
"1244","phv",1
"1245","physical",1
"1246","physicists",1
"1247","physics",1
"1248","physiologist",1
"1249","pilbara",1
"1250","plan",1
"1251","plastics",1
"1252","platform",1
"1253","pollinator",1
"1254","polymer",1
"1255","polymers",1
"1256","practice",1
"1257","precise",1
"1258","preparer",1
"1259","processor",1
"1260","productionpackaging",1
"1261","programme",1
"1262","programs",1
"1263","projects",1
"1264","property",1
"1265","psychiatry",1
"1266","publishing",1
"1267","purchasing",1
"1268","qlikview",1
"1269","quant",1
"1270","queensland",1
"1271","radiochemistry",1
"1272","rampd",1
"1273","reach",1
"1274","receivals",1
"1275","receptionist",1
"1276","ref324",1
"1277","registrar",1
"1278","registration",1
"1279","renewables",1
"1280","rental",1
"1281","rep",1
"1282","repair",1
"1283","representativeterritory",1
"1284","requires",1
"1285","reserves",1
"1286","resonance",1
"1287","resource",1
"1288","response",1
"1289","responsibilities",1
"1290","richlands",1
"1291","riyadh",1
"1292","rna",1
"1293","rockhampton",1
"1294","room",1
"1295","roompharma",1
"1296","rsqlpython",1
"1297","ryd",1
"1298","samples",1
"1299","sanitation",1
"1300","satellite",1
"1301","scientistfield",1
"1302","scientistpharmaceutical",1
"1303","scientisttechnical",1
"1304","screening",1
"1305","seafood",1
"1306","secialist",1
"1307","sensor",1
"1308","serology",1
"1309","share",1
"1310","shif",1
"1311","shifts",1
"1312","si160111f",1
"1313","si160211f",1
"1314","si160212f",1
"1315","si160303f",1
"1316","signalling",1
"1317","simulation",1
"1318","skeletal",1
"1319","skin",1
"1320","social",1
"1321","softwareelectronic",1
"1322","solvents",1
"1323","specialty",1
"1324","species",1
"1325","speed",1
"1326","springvale",1
"1327","stable",1
"1328","stafford",1
"1329","stat",1
"1330","state",1
"1331","stations",1
"1332","sterility",1
"1333","strong",1
"1334","students",1
"1335","sugar",1
"1336","superbrain",1
"1337","supervisorinstructor",1
"1338","supervisormanager",1
"1339","supplier",1
"1340","supply",1
"1341","supportspecialist",1
"1342","surrounds",1
"1343","syd",1
"1344","tableau",1
"1345","tafe",1
"1346","tasmania",1
"1347","taste",1
"1348","tbt",1
"1349","techncial",1
"1350","technican",1
"1351","technicanmorwell",1
"1352","technicianlab",1
"1353","technicianquality",1
"1354","techniciansampler",1
"1355","technicianweighbridgeadministrator",1
"1356","technolgoist",1
"1357","technologistchemical",1
"1358","technologistfood",1
"1359","technologistqa",1
"1360","technologists",1
"1361","techs",1
"1362","telesales",1
"1363","territories",1
"1364","testers",1
"1365","tga",1
"1366","therapist",1
"1367","thin",1
"1368","thornbury",1
"1369","thrombosis",1
"1370","trader",1
"1371","tri",1
"1372","tutors",1
"1373","type",1
"1374","union",1
"1375","united",1
"1376","upcoming",1
"1377","utilities",1
"1378","value",1
"1379","vertebrate",1
"1380","vice",1
"1381","victoria",1
"1382","volunteers",1
"1383","waite",1
"1384","wales",1
"1385","warfare",1
"1386","waxmetal",1
"1387","weather",1
"1388","west",1
"1389","wet",1
"1390","whse",1
"1391","wide",1
"1392","wimfm",1
"1393","wordpress",1
"1394","worker",1
"1395","yara",1
"1396","year",1
